WorkspaceId,ItemId
f3001037-ee54-470d-b650-eb2bc4e0196b,cd91945a-524a-40c5-a56b-d32f1c58d47d
f3001037-ee54-470d-b650-eb2bc4e0196b,60c5f4ce-005e-43bc-84ce-a7fad991ddba
d4b9bba3-c773-4a0c-822a-fd670357e486,cbc8263d-01a9-4759-aec0-dabbb2cdc3e2
902656c4-bced-4789-bbc9-97d793c6c984,1e93f479-257a-4caa-bf32-ed565b7ec3cb
902656c4-bced-4789-bbc9-97d793c6c984,1e93f479-257a-4caa-bf32-ed565b7ec3cb
d4b9bba3-c773-4a0c-822a-fd670357e486,73e97dab-3e0f-422b-8450-c5e1f8aad118
4e9566fa-db15-4373-9954-670e0e380cd0,21caf091-c0fb-40cc-a0a9-84c5ad0e15ed
226665d2-d3dd-4680-a7f8-35b239b54c9b,8fa45a17-a64e-4554-a8f9-33a2a0961b11
26a49800-a5fa-44d6-9921-8ec4aac54297,9ff5f39f-9ebb-481a-9898-394bc7f51347
902656c4-bced-4789-bbc9-97d793c6c984,6bfd0eae-1cac-4ef7-8ba0-8cae12d78cec
902656c4-bced-4789-bbc9-97d793c6c984,1e93f479-257a-4caa-bf32-ed565b7ec3cb
902656c4-bced-4789-bbc9-97d793c6c984,1e93f479-257a-4caa-bf32-ed565b7ec3cb
0796ecef-10f1-4b14-9dfa-48d5dd60780b,11779947-4a8c-4b33-a4d8-ca78111f4640
c1ce616a-1027-429d-82f1-8411ac1985b1,388903dc-4c69-4c26-a02f-f85e2ff91a23
427e043e-07af-42ce-886e-6ab1f9fe5c9b,34dab9ca-4273-4e4b-a335-716a4b196ee1
26a49800-a5fa-44d6-9921-8ec4aac54297,4fc7673b-6781-40ac-a281-88222dcb0d93
d4b9bba3-c773-4a0c-822a-fd670357e486,50f2320f-8473-433a-ba6c-41503133ef6c
902656c4-bced-4789-bbc9-97d793c6c984,877d1445-3c74-4119-8ad2-6f164059ef6f
26a49800-a5fa-44d6-9921-8ec4aac54297,4fc7673b-6781-40ac-a281-88222dcb0d93
60b56137-148c-49b6-9705-2fba4375f897,ca4c5607-dcb3-46ee-a838-057cedbd7965
60b56137-148c-49b6-9705-2fba4375f897,09183664-d06f-47cf-98e9-a8d6f582660b
226665d2-d3dd-4680-a7f8-35b239b54c9b,f015ccdb-da8d-4ebf-a417-e8edb8888995
933996b2-c4af-4e33-8735-1fe38ec32add,41b92d14-02fb-4fed-b17b-1e8b0101a1c0
902656c4-bced-4789-bbc9-97d793c6c984,3852b296-11a2-4867-9148-f45a423348c3
ca369b0e-51d5-4f95-b666-b42a0ca693a4,665e9d59-92f9-48ec-98bc-b267ac50249c
dd17f1a7-1cbc-453c-ad2b-9cf57b2f5d22,8a3a7941-436d-4338-a578-f37eb5a84f02
f3001037-ee54-470d-b650-eb2bc4e0196b,13d67b49-a3c5-4147-a052-227b6e318397
e285b581-6451-454e-a73a-890625711477,87f187ce-57f1-492c-881f-4df72a2793fc
226665d2-d3dd-4680-a7f8-35b239b54c9b,8fa45a17-a64e-4554-a8f9-33a2a0961b11
902656c4-bced-4789-bbc9-97d793c6c984,6bfd0eae-1cac-4ef7-8ba0-8cae12d78cec
ca369b0e-51d5-4f95-b666-b42a0ca693a4,6703730d-6052-4e04-b123-a804376e80c5
ca369b0e-51d5-4f95-b666-b42a0ca693a4,6703730d-6052-4e04-b123-a804376e80c5
226665d2-d3dd-4680-a7f8-35b239b54c9b,9c5b85d8-d0c8-4ef5-8bfe-eb93f5564021
4e9566fa-db15-4373-9954-670e0e380cd0,079f827b-9e55-4971-a307-060c9be0d20c
915e6553-eb7c-4f15-9df5-aaf168dc2918,9ddd78eb-8ffc-4b85-ac3d-dc61fa3db290
e285b581-6451-454e-a73a-890625711477,87f187ce-57f1-492c-881f-4df72a2793fc
902656c4-bced-4789-bbc9-97d793c6c984,3852b296-11a2-4867-9148-f45a423348c3
f3001037-ee54-470d-b650-eb2bc4e0196b,fe969c83-5c3f-4e2d-95d8-08ac5385b6cb
4e9566fa-db15-4373-9954-670e0e380cd0,d1bac8f4-6c51-4d4e-afcf-d63a0cc13c4a
27c51ea1-0d61-4c9c-96ff-b7fedf18b2a3,bf641051-3b1b-4329-8490-fe854eb82c1a
e285b581-6451-454e-a73a-890625711477,7727e479-5fdd-46d9-8273-33f91cac32d3
26a49800-a5fa-44d6-9921-8ec4aac54297,11afe67b-5150-4d3f-ac15-a243d8247744
4e9566fa-db15-4373-9954-670e0e380cd0,9d053608-7631-497b-b106-ab7574161862
915e6553-eb7c-4f15-9df5-aaf168dc2918,359548c0-a71f-47da-9660-c66578466719
ca369b0e-51d5-4f95-b666-b42a0ca693a4,2c87fe25-e767-4466-b34c-923ba3f2fe35
98beb55e-2070-43bc-8ed4-8fc42b822884,c74ff09b-edd3-4314-a0ff-d29ce6ad9169
e285b581-6451-454e-a73a-890625711477,9a74ba48-f98d-4a2b-aa20-4ea7dbb04a87
26a49800-a5fa-44d6-9921-8ec4aac54297,4fc7673b-6781-40ac-a281-88222dcb0d93
26a49800-a5fa-44d6-9921-8ec4aac54297,4fc7673b-6781-40ac-a281-88222dcb0d93
ca369b0e-51d5-4f95-b666-b42a0ca693a4,665e9d59-92f9-48ec-98bc-b267ac50249c
26a49800-a5fa-44d6-9921-8ec4aac54297,4fc7673b-6781-40ac-a281-88222dcb0d93
26a49800-a5fa-44d6-9921-8ec4aac54297,4fc7673b-6781-40ac-a281-88222dcb0d93
d4b9bba3-c773-4a0c-822a-fd670357e486,5653bc1c-f7ac-46c7-912d-459857eaab20
933996b2-c4af-4e33-8735-1fe38ec32add,1eb9c25b-6134-437b-9b3f-43d9ea9a4d84
933996b2-c4af-4e33-8735-1fe38ec32add,1eb9c25b-6134-437b-9b3f-43d9ea9a4d84
915e6553-eb7c-4f15-9df5-aaf168dc2918,66cfefed-2920-4c58-87dd-28bf489feecd
26a49800-a5fa-44d6-9921-8ec4aac54297,4fc7673b-6781-40ac-a281-88222dcb0d93
26a49800-a5fa-44d6-9921-8ec4aac54297,4fc7673b-6781-40ac-a281-88222dcb0d93
27c51ea1-0d61-4c9c-96ff-b7fedf18b2a3,8e8b6b45-2096-47e6-a072-c68bb6808809
902656c4-bced-4789-bbc9-97d793c6c984,1e93f479-257a-4caa-bf32-ed565b7ec3cb
226665d2-d3dd-4680-a7f8-35b239b54c9b,8fa45a17-a64e-4554-a8f9-33a2a0961b11
e285b581-6451-454e-a73a-890625711477,d561d92f-5157-4b5d-bc8d-1a53ddb921f6
933996b2-c4af-4e33-8735-1fe38ec32add,497c5051-7969-4f93-ab0e-715e84054a79
933996b2-c4af-4e33-8735-1fe38ec32add,497c5051-7969-4f93-ab0e-715e84054a79
226665d2-d3dd-4680-a7f8-35b239b54c9b,8fa45a17-a64e-4554-a8f9-33a2a0961b11
933996b2-c4af-4e33-8735-1fe38ec32add,497c5051-7969-4f93-ab0e-715e84054a79
933996b2-c4af-4e33-8735-1fe38ec32add,497c5051-7969-4f93-ab0e-715e84054a79
933996b2-c4af-4e33-8735-1fe38ec32add,497c5051-7969-4f93-ab0e-715e84054a79
933996b2-c4af-4e33-8735-1fe38ec32add,1eb9c25b-6134-437b-9b3f-43d9ea9a4d84
933996b2-c4af-4e33-8735-1fe38ec32add,1eb9c25b-6134-437b-9b3f-43d9ea9a4d84
226665d2-d3dd-4680-a7f8-35b239b54c9b,8fa45a17-a64e-4554-a8f9-33a2a0961b11
e285b581-6451-454e-a73a-890625711477,b2757d9c-2f98-4bc4-894b-9313dd6f2e9d
ca369b0e-51d5-4f95-b666-b42a0ca693a4,665e9d59-92f9-48ec-98bc-b267ac50249c
933996b2-c4af-4e33-8735-1fe38ec32add,497c5051-7969-4f93-ab0e-715e84054a79
e285b581-6451-454e-a73a-890625711477,87f187ce-57f1-492c-881f-4df72a2793fc
933996b2-c4af-4e33-8735-1fe38ec32add,1eb9c25b-6134-437b-9b3f-43d9ea9a4d84
ca369b0e-51d5-4f95-b666-b42a0ca693a4,2c87fe25-e767-4466-b34c-923ba3f2fe35
ca369b0e-51d5-4f95-b666-b42a0ca693a4,2c87fe25-e767-4466-b34c-923ba3f2fe35
226665d2-d3dd-4680-a7f8-35b239b54c9b,6b55dd0a-0ce9-4e1b-9325-8736f2fb7b67
933996b2-c4af-4e33-8735-1fe38ec32add,11712407-170b-459d-b001-09d73b15ef07
226665d2-d3dd-4680-a7f8-35b239b54c9b,8fa45a17-a64e-4554-a8f9-33a2a0961b11
933996b2-c4af-4e33-8735-1fe38ec32add,1eb9c25b-6134-437b-9b3f-43d9ea9a4d84
933996b2-c4af-4e33-8735-1fe38ec32add,497c5051-7969-4f93-ab0e-715e84054a79
933996b2-c4af-4e33-8735-1fe38ec32add,1eb9c25b-6134-437b-9b3f-43d9ea9a4d84
933996b2-c4af-4e33-8735-1fe38ec32add,1eb9c25b-6134-437b-9b3f-43d9ea9a4d84
933996b2-c4af-4e33-8735-1fe38ec32add,1eb9c25b-6134-437b-9b3f-43d9ea9a4d84
e285b581-6451-454e-a73a-890625711477,87f187ce-57f1-492c-881f-4df72a2793fc
e285b581-6451-454e-a73a-890625711477,7727e479-5fdd-46d9-8273-33f91cac32d3
226665d2-d3dd-4680-a7f8-35b239b54c9b,45f245e6-47a5-4c24-b31d-3ff825442f42
226665d2-d3dd-4680-a7f8-35b239b54c9b,45f245e6-47a5-4c24-b31d-3ff825442f42
27c51ea1-0d61-4c9c-96ff-b7fedf18b2a3,bf641051-3b1b-4329-8490-fe854eb82c1a
27c51ea1-0d61-4c9c-96ff-b7fedf18b2a3,b37faad9-6fdb-4356-bd43-bc26f8b24451
933996b2-c4af-4e33-8735-1fe38ec32add,497c5051-7969-4f93-ab0e-715e84054a79
933996b2-c4af-4e33-8735-1fe38ec32add,497c5051-7969-4f93-ab0e-715e84054a79
933996b2-c4af-4e33-8735-1fe38ec32add,497c5051-7969-4f93-ab0e-715e84054a79
98beb55e-2070-43bc-8ed4-8fc42b822884,f4f8f597-c584-46f8-ad02-0e625f92976f
933996b2-c4af-4e33-8735-1fe38ec32add,497c5051-7969-4f93-ab0e-715e84054a79
e285b581-6451-454e-a73a-890625711477,d561d92f-5157-4b5d-bc8d-1a53ddb921f6
f3001037-ee54-470d-b650-eb2bc4e0196b,60c5f4ce-005e-43bc-84ce-a7fad991ddba
933996b2-c4af-4e33-8735-1fe38ec32add,1eb9c25b-6134-437b-9b3f-43d9ea9a4d84
933996b2-c4af-4e33-8735-1fe38ec32add,1eb9c25b-6134-437b-9b3f-43d9ea9a4d84
f3001037-ee54-470d-b650-eb2bc4e0196b,de413496-b5cf-46d3-8748-bac8de5f11ae
26a49800-a5fa-44d6-9921-8ec4aac54297,4fc7673b-6781-40ac-a281-88222dcb0d93
226665d2-d3dd-4680-a7f8-35b239b54c9b,8fa45a17-a64e-4554-a8f9-33a2a0961b11
226665d2-d3dd-4680-a7f8-35b239b54c9b,9ff7e8d7-455d-4013-8785-57a67e0bc649
226665d2-d3dd-4680-a7f8-35b239b54c9b,9ff7e8d7-455d-4013-8785-57a67e0bc649
933996b2-c4af-4e33-8735-1fe38ec32add,497c5051-7969-4f93-ab0e-715e84054a79
933996b2-c4af-4e33-8735-1fe38ec32add,497c5051-7969-4f93-ab0e-715e84054a79
933996b2-c4af-4e33-8735-1fe38ec32add,497c5051-7969-4f93-ab0e-715e84054a79
226665d2-d3dd-4680-a7f8-35b239b54c9b,8fa45a17-a64e-4554-a8f9-33a2a0961b11
f3001037-ee54-470d-b650-eb2bc4e0196b,de413496-b5cf-46d3-8748-bac8de5f11ae
4e9566fa-db15-4373-9954-670e0e380cd0,3fcc3416-aeee-4070-8302-dac555daca39
933996b2-c4af-4e33-8735-1fe38ec32add,497c5051-7969-4f93-ab0e-715e84054a79
933996b2-c4af-4e33-8735-1fe38ec32add,497c5051-7969-4f93-ab0e-715e84054a79
e285b581-6451-454e-a73a-890625711477,87f187ce-57f1-492c-881f-4df72a2793fc
427e043e-07af-42ce-886e-6ab1f9fe5c9b,888b52de-eda7-4d13-895b-146e1c08f312
933996b2-c4af-4e33-8735-1fe38ec32add,1eb9c25b-6134-437b-9b3f-43d9ea9a4d84
933996b2-c4af-4e33-8735-1fe38ec32add,1eb9c25b-6134-437b-9b3f-43d9ea9a4d84
e285b581-6451-454e-a73a-890625711477,b2757d9c-2f98-4bc4-894b-9313dd6f2e9d
44b8e8a7-37d2-4780-88dd-fbc53d42b4aa,1d644b08-b22a-43de-b064-33ae1289eb0c
226665d2-d3dd-4680-a7f8-35b239b54c9b,81414af8-0e2f-4374-a13c-9bef7777b0ae
4e9566fa-db15-4373-9954-670e0e380cd0,c7aa2ae5-8668-4af3-bd0c-a0450548bbc7
26a49800-a5fa-44d6-9921-8ec4aac54297,465dcbcd-e18d-480b-b32b-66dcc18cc4a6
902656c4-bced-4789-bbc9-97d793c6c984,48e409fa-5386-4a95-b14d-0bc4ab0913f8
44b8e8a7-37d2-4780-88dd-fbc53d42b4aa,14c0d304-e2db-4a9b-9d16-74fa2e6802ac
d4b9bba3-c773-4a0c-822a-fd670357e486,e549f158-b6c3-4a27-80a6-11d51894cce3
f3001037-ee54-470d-b650-eb2bc4e0196b,de413496-b5cf-46d3-8748-bac8de5f11ae
f3001037-ee54-470d-b650-eb2bc4e0196b,de413496-b5cf-46d3-8748-bac8de5f11ae
60b56137-148c-49b6-9705-2fba4375f897,dc324eba-329e-4e06-a8db-768a999c9e74
933996b2-c4af-4e33-8735-1fe38ec32add,17ae3f1f-d48f-4054-bdf3-08d353bb658e
933996b2-c4af-4e33-8735-1fe38ec32add,17ae3f1f-d48f-4054-bdf3-08d353bb658e
933996b2-c4af-4e33-8735-1fe38ec32add,17ae3f1f-d48f-4054-bdf3-08d353bb658e
933996b2-c4af-4e33-8735-1fe38ec32add,7af35fc9-3c72-4ae3-af6a-032d96aade73
e285b581-6451-454e-a73a-890625711477,e7562028-ebb3-4897-8996-d9e02e55b3ef
933996b2-c4af-4e33-8735-1fe38ec32add,7af35fc9-3c72-4ae3-af6a-032d96aade73
933996b2-c4af-4e33-8735-1fe38ec32add,17ae3f1f-d48f-4054-bdf3-08d353bb658e
933996b2-c4af-4e33-8735-1fe38ec32add,17ae3f1f-d48f-4054-bdf3-08d353bb658e
933996b2-c4af-4e33-8735-1fe38ec32add,17ae3f1f-d48f-4054-bdf3-08d353bb658e
933996b2-c4af-4e33-8735-1fe38ec32add,17ae3f1f-d48f-4054-bdf3-08d353bb658e
933996b2-c4af-4e33-8735-1fe38ec32add,17ae3f1f-d48f-4054-bdf3-08d353bb658e
933996b2-c4af-4e33-8735-1fe38ec32add,7af35fc9-3c72-4ae3-af6a-032d96aade73
933996b2-c4af-4e33-8735-1fe38ec32add,17ae3f1f-d48f-4054-bdf3-08d353bb658e
933996b2-c4af-4e33-8735-1fe38ec32add,17ae3f1f-d48f-4054-bdf3-08d353bb658e
933996b2-c4af-4e33-8735-1fe38ec32add,17ae3f1f-d48f-4054-bdf3-08d353bb658e
933996b2-c4af-4e33-8735-1fe38ec32add,17ae3f1f-d48f-4054-bdf3-08d353bb658e
933996b2-c4af-4e33-8735-1fe38ec32add,7af35fc9-3c72-4ae3-af6a-032d96aade73
933996b2-c4af-4e33-8735-1fe38ec32add,7af35fc9-3c72-4ae3-af6a-032d96aade73
933996b2-c4af-4e33-8735-1fe38ec32add,7af35fc9-3c72-4ae3-af6a-032d96aade73
933996b2-c4af-4e33-8735-1fe38ec32add,7af35fc9-3c72-4ae3-af6a-032d96aade73
933996b2-c4af-4e33-8735-1fe38ec32add,7af35fc9-3c72-4ae3-af6a-032d96aade73
26a49800-a5fa-44d6-9921-8ec4aac54297,ae96e3f5-e3e9-4a3b-8244-b74a8bb08d1f
933996b2-c4af-4e33-8735-1fe38ec32add,7af35fc9-3c72-4ae3-af6a-032d96aade73
933996b2-c4af-4e33-8735-1fe38ec32add,7af35fc9-3c72-4ae3-af6a-032d96aade73
933996b2-c4af-4e33-8735-1fe38ec32add,7af35fc9-3c72-4ae3-af6a-032d96aade73
933996b2-c4af-4e33-8735-1fe38ec32add,7af35fc9-3c72-4ae3-af6a-032d96aade73
226665d2-d3dd-4680-a7f8-35b239b54c9b,f015ccdb-da8d-4ebf-a417-e8edb8888995
60b56137-148c-49b6-9705-2fba4375f897,ca4c5607-dcb3-46ee-a838-057cedbd7965
60b56137-148c-49b6-9705-2fba4375f897,ca4c5607-dcb3-46ee-a838-057cedbd7965
226665d2-d3dd-4680-a7f8-35b239b54c9b,f015ccdb-da8d-4ebf-a417-e8edb8888995
933996b2-c4af-4e33-8735-1fe38ec32add,7af35fc9-3c72-4ae3-af6a-032d96aade73
933996b2-c4af-4e33-8735-1fe38ec32add,7af35fc9-3c72-4ae3-af6a-032d96aade73
933996b2-c4af-4e33-8735-1fe38ec32add,7af35fc9-3c72-4ae3-af6a-032d96aade73
933996b2-c4af-4e33-8735-1fe38ec32add,7af35fc9-3c72-4ae3-af6a-032d96aade73
933996b2-c4af-4e33-8735-1fe38ec32add,5be43448-8349-4fd1-95b4-6ae8accfd84e
26a49800-a5fa-44d6-9921-8ec4aac54297,62bee667-b771-4fac-b2c8-d971e4cc5f1a
226665d2-d3dd-4680-a7f8-35b239b54c9b,00d8707c-3bb3-4b58-a87b-2d1d84f92b55
e285b581-6451-454e-a73a-890625711477,bb08aa73-32f8-4ee7-a16f-369dc89f82c8
933996b2-c4af-4e33-8735-1fe38ec32add,5be43448-8349-4fd1-95b4-6ae8accfd84e
26a49800-a5fa-44d6-9921-8ec4aac54297,47f6ab04-8922-41ae-95c9-4e32f857bfee
933996b2-c4af-4e33-8735-1fe38ec32add,5be43448-8349-4fd1-95b4-6ae8accfd84e
e285b581-6451-454e-a73a-890625711477,2a48b9ec-0de7-4433-a2c9-cf20d25da784
933996b2-c4af-4e33-8735-1fe38ec32add,5be43448-8349-4fd1-95b4-6ae8accfd84e
27c51ea1-0d61-4c9c-96ff-b7fedf18b2a3,b37faad9-6fdb-4356-bd43-bc26f8b24451
27c51ea1-0d61-4c9c-96ff-b7fedf18b2a3,bf641051-3b1b-4329-8490-fe854eb82c1a
933996b2-c4af-4e33-8735-1fe38ec32add,5be43448-8349-4fd1-95b4-6ae8accfd84e
e285b581-6451-454e-a73a-890625711477,2a48b9ec-0de7-4433-a2c9-cf20d25da784
933996b2-c4af-4e33-8735-1fe38ec32add,5be43448-8349-4fd1-95b4-6ae8accfd84e
26a49800-a5fa-44d6-9921-8ec4aac54297,62bee667-b771-4fac-b2c8-d971e4cc5f1a
26a49800-a5fa-44d6-9921-8ec4aac54297,62bee667-b771-4fac-b2c8-d971e4cc5f1a
98beb55e-2070-43bc-8ed4-8fc42b822884,c82055ee-a03e-48d9-9857-8174d946c3c2
933996b2-c4af-4e33-8735-1fe38ec32add,5be43448-8349-4fd1-95b4-6ae8accfd84e
26a49800-a5fa-44d6-9921-8ec4aac54297,4fc7673b-6781-40ac-a281-88222dcb0d93
26a49800-a5fa-44d6-9921-8ec4aac54297,4fc7673b-6781-40ac-a281-88222dcb0d93
933996b2-c4af-4e33-8735-1fe38ec32add,5be43448-8349-4fd1-95b4-6ae8accfd84e
226665d2-d3dd-4680-a7f8-35b239b54c9b,00d8707c-3bb3-4b58-a87b-2d1d84f92b55
226665d2-d3dd-4680-a7f8-35b239b54c9b,8fa45a17-a64e-4554-a8f9-33a2a0961b11
933996b2-c4af-4e33-8735-1fe38ec32add,5be43448-8349-4fd1-95b4-6ae8accfd84e
e285b581-6451-454e-a73a-890625711477,ae8a2f81-bc99-44c8-8638-84528b6f5fee
226665d2-d3dd-4680-a7f8-35b239b54c9b,45f245e6-47a5-4c24-b31d-3ff825442f42
933996b2-c4af-4e33-8735-1fe38ec32add,5be43448-8349-4fd1-95b4-6ae8accfd84e
933996b2-c4af-4e33-8735-1fe38ec32add,5be43448-8349-4fd1-95b4-6ae8accfd84e
26a49800-a5fa-44d6-9921-8ec4aac54297,c26b1162-7c42-47b4-b7de-1e5a6a42e8b0
26a49800-a5fa-44d6-9921-8ec4aac54297,11afe67b-5150-4d3f-ac15-a243d8247744
26a49800-a5fa-44d6-9921-8ec4aac54297,9ff5f39f-9ebb-481a-9898-394bc7f51347
26a49800-a5fa-44d6-9921-8ec4aac54297,9ff5f39f-9ebb-481a-9898-394bc7f51347
933996b2-c4af-4e33-8735-1fe38ec32add,5be43448-8349-4fd1-95b4-6ae8accfd84e
933996b2-c4af-4e33-8735-1fe38ec32add,5be43448-8349-4fd1-95b4-6ae8accfd84e
226665d2-d3dd-4680-a7f8-35b239b54c9b,8fa45a17-a64e-4554-a8f9-33a2a0961b11
60b56137-148c-49b6-9705-2fba4375f897,ca4c5607-dcb3-46ee-a838-057cedbd7965
226665d2-d3dd-4680-a7f8-35b239b54c9b,f015ccdb-da8d-4ebf-a417-e8edb8888995
4e9566fa-db15-4373-9954-670e0e380cd0,40f93f80-1f36-4175-b267-d22079f153d1
427e043e-07af-42ce-886e-6ab1f9fe5c9b,34dab9ca-4273-4e4b-a335-716a4b196ee1
e285b581-6451-454e-a73a-890625711477,b313dcc8-7334-4481-ae75-0f3fb880af66
933996b2-c4af-4e33-8735-1fe38ec32add,5be43448-8349-4fd1-95b4-6ae8accfd84e
60b56137-148c-49b6-9705-2fba4375f897,ca4c5607-dcb3-46ee-a838-057cedbd7965
226665d2-d3dd-4680-a7f8-35b239b54c9b,45f245e6-47a5-4c24-b31d-3ff825442f42
226665d2-d3dd-4680-a7f8-35b239b54c9b,45f245e6-47a5-4c24-b31d-3ff825442f42
60b56137-148c-49b6-9705-2fba4375f897,ca4c5607-dcb3-46ee-a838-057cedbd7965
60b56137-148c-49b6-9705-2fba4375f897,ca4c5607-dcb3-46ee-a838-057cedbd7965
226665d2-d3dd-4680-a7f8-35b239b54c9b,f015ccdb-da8d-4ebf-a417-e8edb8888995
226665d2-d3dd-4680-a7f8-35b239b54c9b,f015ccdb-da8d-4ebf-a417-e8edb8888995
e285b581-6451-454e-a73a-890625711477,bb08aa73-32f8-4ee7-a16f-369dc89f82c8
e285b581-6451-454e-a73a-890625711477,3c57c980-9b04-4bcd-b5a4-8bdc81896e24
4e9566fa-db15-4373-9954-670e0e380cd0,0c3bbfed-9e62-4056-9474-613a557c76aa
915e6553-eb7c-4f15-9df5-aaf168dc2918,bcda908e-dd17-4ec5-9408-ee504e0b83cc
226665d2-d3dd-4680-a7f8-35b239b54c9b,9c5b85d8-d0c8-4ef5-8bfe-eb93f5564021
dd17f1a7-1cbc-453c-ad2b-9cf57b2f5d22,8a3a7941-436d-4338-a578-f37eb5a84f02
60b56137-148c-49b6-9705-2fba4375f897,ca4c5607-dcb3-46ee-a838-057cedbd7965
226665d2-d3dd-4680-a7f8-35b239b54c9b,f015ccdb-da8d-4ebf-a417-e8edb8888995
226665d2-d3dd-4680-a7f8-35b239b54c9b,9ff7e8d7-455d-4013-8785-57a67e0bc649
226665d2-d3dd-4680-a7f8-35b239b54c9b,9ff7e8d7-455d-4013-8785-57a67e0bc649
226665d2-d3dd-4680-a7f8-35b239b54c9b,45f245e6-47a5-4c24-b31d-3ff825442f42
e285b581-6451-454e-a73a-890625711477,b2757d9c-2f98-4bc4-894b-9313dd6f2e9d
e285b581-6451-454e-a73a-890625711477,bb08aa73-32f8-4ee7-a16f-369dc89f82c8
226665d2-d3dd-4680-a7f8-35b239b54c9b,f015ccdb-da8d-4ebf-a417-e8edb8888995
226665d2-d3dd-4680-a7f8-35b239b54c9b,f015ccdb-da8d-4ebf-a417-e8edb8888995
60b56137-148c-49b6-9705-2fba4375f897,09183664-d06f-47cf-98e9-a8d6f582660b
226665d2-d3dd-4680-a7f8-35b239b54c9b,d266722a-d7d9-4230-9ccb-7dadaa57e713
226665d2-d3dd-4680-a7f8-35b239b54c9b,45f245e6-47a5-4c24-b31d-3ff825442f42
226665d2-d3dd-4680-a7f8-35b239b54c9b,45f245e6-47a5-4c24-b31d-3ff825442f42
26a49800-a5fa-44d6-9921-8ec4aac54297,9ff5f39f-9ebb-481a-9898-394bc7f51347
4e9566fa-db15-4373-9954-670e0e380cd0,a78d1aa2-2bdc-4ced-9db4-ef00ad5de748
4e9566fa-db15-4373-9954-670e0e380cd0,2c2b028d-4cfc-4a69-a8df-2d8e6beaa1d4
26a49800-a5fa-44d6-9921-8ec4aac54297,bdbaeb97-2864-4dda-9029-6b3bb42e426e
26a49800-a5fa-44d6-9921-8ec4aac54297,bdbaeb97-2864-4dda-9029-6b3bb42e426e
226665d2-d3dd-4680-a7f8-35b239b54c9b,1f7efeac-7202-4094-b8e2-2ea156f54a9e
cdb060fb-a3d2-442b-b0c4-1ee26043220d,ca2543a0-4116-4e62-ab15-c2d040837e9f
cdb060fb-a3d2-442b-b0c4-1ee26043220d,ca2543a0-4116-4e62-ab15-c2d040837e9f
d4b9bba3-c773-4a0c-822a-fd670357e486,863de8fa-13a0-47cc-9a69-b6336cf56cfc
ca369b0e-51d5-4f95-b666-b42a0ca693a4,234467b1-38c2-4e93-849b-f5418e3fcf5c
e285b581-6451-454e-a73a-890625711477,7f19c244-7cd7-4680-8da7-40b68f259f9e
26a49800-a5fa-44d6-9921-8ec4aac54297,62bee667-b771-4fac-b2c8-d971e4cc5f1a
226665d2-d3dd-4680-a7f8-35b239b54c9b,45f245e6-47a5-4c24-b31d-3ff825442f42
226665d2-d3dd-4680-a7f8-35b239b54c9b,45f245e6-47a5-4c24-b31d-3ff825442f42
60b56137-148c-49b6-9705-2fba4375f897,ca4c5607-dcb3-46ee-a838-057cedbd7965
226665d2-d3dd-4680-a7f8-35b239b54c9b,f015ccdb-da8d-4ebf-a417-e8edb8888995
60b56137-148c-49b6-9705-2fba4375f897,09183664-d06f-47cf-98e9-a8d6f582660b
226665d2-d3dd-4680-a7f8-35b239b54c9b,5daaeec1-ddc2-4724-9eb7-2066c52fbeea
226665d2-d3dd-4680-a7f8-35b239b54c9b,d266722a-d7d9-4230-9ccb-7dadaa57e713
226665d2-d3dd-4680-a7f8-35b239b54c9b,d266722a-d7d9-4230-9ccb-7dadaa57e713
226665d2-d3dd-4680-a7f8-35b239b54c9b,45f245e6-47a5-4c24-b31d-3ff825442f42
4e9566fa-db15-4373-9954-670e0e380cd0,63810c9b-0857-4ada-a236-a56d180c244d
226665d2-d3dd-4680-a7f8-35b239b54c9b,1f7efeac-7202-4094-b8e2-2ea156f54a9e
26a49800-a5fa-44d6-9921-8ec4aac54297,ae96e3f5-e3e9-4a3b-8244-b74a8bb08d1f
26a49800-a5fa-44d6-9921-8ec4aac54297,bd1f2bcb-ed47-4444-9cbd-7a6266874ddc
60b56137-148c-49b6-9705-2fba4375f897,ca4c5607-dcb3-46ee-a838-057cedbd7965
60b56137-148c-49b6-9705-2fba4375f897,ca4c5607-dcb3-46ee-a838-057cedbd7965
60b56137-148c-49b6-9705-2fba4375f897,09183664-d06f-47cf-98e9-a8d6f582660b
226665d2-d3dd-4680-a7f8-35b239b54c9b,d266722a-d7d9-4230-9ccb-7dadaa57e713
226665d2-d3dd-4680-a7f8-35b239b54c9b,f015ccdb-da8d-4ebf-a417-e8edb8888995
e285b581-6451-454e-a73a-890625711477,2a48b9ec-0de7-4433-a2c9-cf20d25da784
e285b581-6451-454e-a73a-890625711477,2a48b9ec-0de7-4433-a2c9-cf20d25da784
226665d2-d3dd-4680-a7f8-35b239b54c9b,9ff7e8d7-455d-4013-8785-57a67e0bc649
60b56137-148c-49b6-9705-2fba4375f897,09183664-d06f-47cf-98e9-a8d6f582660b
e285b581-6451-454e-a73a-890625711477,7727e479-5fdd-46d9-8273-33f91cac32d3
27c51ea1-0d61-4c9c-96ff-b7fedf18b2a3,bf641051-3b1b-4329-8490-fe854eb82c1a
e285b581-6451-454e-a73a-890625711477,2a48b9ec-0de7-4433-a2c9-cf20d25da784
427e043e-07af-42ce-886e-6ab1f9fe5c9b,a2ac3f2b-bc24-4ed2-a11d-bd6b03243362
226665d2-d3dd-4680-a7f8-35b239b54c9b,45f245e6-47a5-4c24-b31d-3ff825442f42
4e9566fa-db15-4373-9954-670e0e380cd0,9efee951-58bf-4bf8-9bda-73ffb5ab7680
f3001037-ee54-470d-b650-eb2bc4e0196b,13d67b49-a3c5-4147-a052-227b6e318397
26a49800-a5fa-44d6-9921-8ec4aac54297,4fc7673b-6781-40ac-a281-88222dcb0d93
26a49800-a5fa-44d6-9921-8ec4aac54297,4fc7673b-6781-40ac-a281-88222dcb0d93
226665d2-d3dd-4680-a7f8-35b239b54c9b,5daaeec1-ddc2-4724-9eb7-2066c52fbeea
226665d2-d3dd-4680-a7f8-35b239b54c9b,d266722a-d7d9-4230-9ccb-7dadaa57e713
dd17f1a7-1cbc-453c-ad2b-9cf57b2f5d22,8a3a7941-436d-4338-a578-f37eb5a84f02
26a49800-a5fa-44d6-9921-8ec4aac54297,62bee667-b771-4fac-b2c8-d971e4cc5f1a
4e9566fa-db15-4373-9954-670e0e380cd0,2c2b028d-4cfc-4a69-a8df-2d8e6beaa1d4
226665d2-d3dd-4680-a7f8-35b239b54c9b,9ff7e8d7-455d-4013-8785-57a67e0bc649
60b56137-148c-49b6-9705-2fba4375f897,ca4c5607-dcb3-46ee-a838-057cedbd7965
60b56137-148c-49b6-9705-2fba4375f897,ca4c5607-dcb3-46ee-a838-057cedbd7965
226665d2-d3dd-4680-a7f8-35b239b54c9b,f015ccdb-da8d-4ebf-a417-e8edb8888995
226665d2-d3dd-4680-a7f8-35b239b54c9b,f015ccdb-da8d-4ebf-a417-e8edb8888995
fe86884c-4d92-4f3f-a291-36c911a6f5b7,0eb088d0-bb50-4c31-8f1c-4452be211b7a
60b56137-148c-49b6-9705-2fba4375f897,09183664-d06f-47cf-98e9-a8d6f582660b
60b56137-148c-49b6-9705-2fba4375f897,8374f600-a7f4-4d64-9281-53a0b6e0bad2
e285b581-6451-454e-a73a-890625711477,2a48b9ec-0de7-4433-a2c9-cf20d25da784
60b56137-148c-49b6-9705-2fba4375f897,09183664-d06f-47cf-98e9-a8d6f582660b
226665d2-d3dd-4680-a7f8-35b239b54c9b,8fa45a17-a64e-4554-a8f9-33a2a0961b11
4e9566fa-db15-4373-9954-670e0e380cd0,5aeca5d2-579c-4ff4-9e3e-9e33d0b2d8d3
60b56137-148c-49b6-9705-2fba4375f897,09183664-d06f-47cf-98e9-a8d6f582660b
226665d2-d3dd-4680-a7f8-35b239b54c9b,d266722a-d7d9-4230-9ccb-7dadaa57e713
427e043e-07af-42ce-886e-6ab1f9fe5c9b,34dab9ca-4273-4e4b-a335-716a4b196ee1
26a49800-a5fa-44d6-9921-8ec4aac54297,c26b1162-7c42-47b4-b7de-1e5a6a42e8b0
427e043e-07af-42ce-886e-6ab1f9fe5c9b,a2ac3f2b-bc24-4ed2-a11d-bd6b03243362
60b56137-148c-49b6-9705-2fba4375f897,8374f600-a7f4-4d64-9281-53a0b6e0bad2
226665d2-d3dd-4680-a7f8-35b239b54c9b,f015ccdb-da8d-4ebf-a417-e8edb8888995
226665d2-d3dd-4680-a7f8-35b239b54c9b,f015ccdb-da8d-4ebf-a417-e8edb8888995
60b56137-148c-49b6-9705-2fba4375f897,ca4c5607-dcb3-46ee-a838-057cedbd7965
915e6553-eb7c-4f15-9df5-aaf168dc2918,9ddd78eb-8ffc-4b85-ac3d-dc61fa3db290
226665d2-d3dd-4680-a7f8-35b239b54c9b,45f245e6-47a5-4c24-b31d-3ff825442f42
226665d2-d3dd-4680-a7f8-35b239b54c9b,45f245e6-47a5-4c24-b31d-3ff825442f42
60b56137-148c-49b6-9705-2fba4375f897,8374f600-a7f4-4d64-9281-53a0b6e0bad2
60b56137-148c-49b6-9705-2fba4375f897,09183664-d06f-47cf-98e9-a8d6f582660b
226665d2-d3dd-4680-a7f8-35b239b54c9b,5daaeec1-ddc2-4724-9eb7-2066c52fbeea
226665d2-d3dd-4680-a7f8-35b239b54c9b,d266722a-d7d9-4230-9ccb-7dadaa57e713
e285b581-6451-454e-a73a-890625711477,7727e479-5fdd-46d9-8273-33f91cac32d3
226665d2-d3dd-4680-a7f8-35b239b54c9b,d266722a-d7d9-4230-9ccb-7dadaa57e713
226665d2-d3dd-4680-a7f8-35b239b54c9b,5daaeec1-ddc2-4724-9eb7-2066c52fbeea
27c51ea1-0d61-4c9c-96ff-b7fedf18b2a3,bf641051-3b1b-4329-8490-fe854eb82c1a
27c51ea1-0d61-4c9c-96ff-b7fedf18b2a3,b37faad9-6fdb-4356-bd43-bc26f8b24451
cdb060fb-a3d2-442b-b0c4-1ee26043220d,ca2543a0-4116-4e62-ab15-c2d040837e9f
226665d2-d3dd-4680-a7f8-35b239b54c9b,9ff7e8d7-455d-4013-8785-57a67e0bc649
d4b9bba3-c773-4a0c-822a-fd670357e486,5653bc1c-f7ac-46c7-912d-459857eaab20
e285b581-6451-454e-a73a-890625711477,7727e479-5fdd-46d9-8273-33f91cac32d3
27c51ea1-0d61-4c9c-96ff-b7fedf18b2a3,bf641051-3b1b-4329-8490-fe854eb82c1a
27c51ea1-0d61-4c9c-96ff-b7fedf18b2a3,b37faad9-6fdb-4356-bd43-bc26f8b24451
e285b581-6451-454e-a73a-890625711477,7727e479-5fdd-46d9-8273-33f91cac32d3
226665d2-d3dd-4680-a7f8-35b239b54c9b,45f245e6-47a5-4c24-b31d-3ff825442f42
427e043e-07af-42ce-886e-6ab1f9fe5c9b,a2ac3f2b-bc24-4ed2-a11d-bd6b03243362
427e043e-07af-42ce-886e-6ab1f9fe5c9b,a2ac3f2b-bc24-4ed2-a11d-bd6b03243362
226665d2-d3dd-4680-a7f8-35b239b54c9b,0ea43dbd-e3c2-469a-898f-6f940bd2661b
e285b581-6451-454e-a73a-890625711477,7727e479-5fdd-46d9-8273-33f91cac32d3
27c51ea1-0d61-4c9c-96ff-b7fedf18b2a3,bf641051-3b1b-4329-8490-fe854eb82c1a
e285b581-6451-454e-a73a-890625711477,7727e479-5fdd-46d9-8273-33f91cac32d3
226665d2-d3dd-4680-a7f8-35b239b54c9b,5daaeec1-ddc2-4724-9eb7-2066c52fbeea
d4b9bba3-c773-4a0c-822a-fd670357e486,3c6bc093-b390-47a2-a848-f8296cf9bafb
226665d2-d3dd-4680-a7f8-35b239b54c9b,1f7efeac-7202-4094-b8e2-2ea156f54a9e
d4b9bba3-c773-4a0c-822a-fd670357e486,3cc8736f-26ef-4687-bfe3-759f2bd04449
60b56137-148c-49b6-9705-2fba4375f897,4837dcab-7967-4485-a2bd-190cdcf808d6
1620e84f-2a36-4f5c-bb37-7fc23ef500d9,e8c5f379-e997-43a6-ab9e-db2dc7ad2e7f
1620e84f-2a36-4f5c-bb37-7fc23ef500d9,e8c5f379-e997-43a6-ab9e-db2dc7ad2e7f
1620e84f-2a36-4f5c-bb37-7fc23ef500d9,e8c5f379-e997-43a6-ab9e-db2dc7ad2e7f
cdb060fb-a3d2-442b-b0c4-1ee26043220d,ca2543a0-4116-4e62-ab15-c2d040837e9f
cdb060fb-a3d2-442b-b0c4-1ee26043220d,ca2543a0-4116-4e62-ab15-c2d040837e9f
60b56137-148c-49b6-9705-2fba4375f897,8374f600-a7f4-4d64-9281-53a0b6e0bad2
1620e84f-2a36-4f5c-bb37-7fc23ef500d9,e8c5f379-e997-43a6-ab9e-db2dc7ad2e7f
1620e84f-2a36-4f5c-bb37-7fc23ef500d9,e8c5f379-e997-43a6-ab9e-db2dc7ad2e7f
1620e84f-2a36-4f5c-bb37-7fc23ef500d9,e8c5f379-e997-43a6-ab9e-db2dc7ad2e7f
4e9566fa-db15-4373-9954-670e0e380cd0,079f827b-9e55-4971-a307-060c9be0d20c
1620e84f-2a36-4f5c-bb37-7fc23ef500d9,e8c5f379-e997-43a6-ab9e-db2dc7ad2e7f
1620e84f-2a36-4f5c-bb37-7fc23ef500d9,e8c5f379-e997-43a6-ab9e-db2dc7ad2e7f
1620e84f-2a36-4f5c-bb37-7fc23ef500d9,e8c5f379-e997-43a6-ab9e-db2dc7ad2e7f
1620e84f-2a36-4f5c-bb37-7fc23ef500d9,e8c5f379-e997-43a6-ab9e-db2dc7ad2e7f
1620e84f-2a36-4f5c-bb37-7fc23ef500d9,e8c5f379-e997-43a6-ab9e-db2dc7ad2e7f
1620e84f-2a36-4f5c-bb37-7fc23ef500d9,e8c5f379-e997-43a6-ab9e-db2dc7ad2e7f
d4b9bba3-c773-4a0c-822a-fd670357e486,5653bc1c-f7ac-46c7-912d-459857eaab20
915e6553-eb7c-4f15-9df5-aaf168dc2918,359548c0-a71f-47da-9660-c66578466719
b7a1331b-fb7d-48fc-b799-be10145b057f,a31751dc-d862-4a5c-a4dd-e285b605aaa9
26a49800-a5fa-44d6-9921-8ec4aac54297,4fc7673b-6781-40ac-a281-88222dcb0d93
902656c4-bced-4789-bbc9-97d793c6c984,6bfd0eae-1cac-4ef7-8ba0-8cae12d78cec
933996b2-c4af-4e33-8735-1fe38ec32add,17ae3f1f-d48f-4054-bdf3-08d353bb658e
902656c4-bced-4789-bbc9-97d793c6c984,151afb9d-d116-4399-9355-73f28d907942
226665d2-d3dd-4680-a7f8-35b239b54c9b,5daaeec1-ddc2-4724-9eb7-2066c52fbeea
26a49800-a5fa-44d6-9921-8ec4aac54297,bdbaeb97-2864-4dda-9029-6b3bb42e426e
902656c4-bced-4789-bbc9-97d793c6c984,987dd996-3cdb-4e3b-b239-cca19fac87d7
933996b2-c4af-4e33-8735-1fe38ec32add,5be43448-8349-4fd1-95b4-6ae8accfd84e
f3001037-ee54-470d-b650-eb2bc4e0196b,60c5f4ce-005e-43bc-84ce-a7fad991ddba
f3001037-ee54-470d-b650-eb2bc4e0196b,60c5f4ce-005e-43bc-84ce-a7fad991ddba
226665d2-d3dd-4680-a7f8-35b239b54c9b,6b55dd0a-0ce9-4e1b-9325-8736f2fb7b67
226665d2-d3dd-4680-a7f8-35b239b54c9b,9ff7e8d7-455d-4013-8785-57a67e0bc649
e285b581-6451-454e-a73a-890625711477,7727e479-5fdd-46d9-8273-33f91cac32d3
26a49800-a5fa-44d6-9921-8ec4aac54297,62bee667-b771-4fac-b2c8-d971e4cc5f1a
226665d2-d3dd-4680-a7f8-35b239b54c9b,1f7efeac-7202-4094-b8e2-2ea156f54a9e
226665d2-d3dd-4680-a7f8-35b239b54c9b,1f7efeac-7202-4094-b8e2-2ea156f54a9e
226665d2-d3dd-4680-a7f8-35b239b54c9b,1f7efeac-7202-4094-b8e2-2ea156f54a9e
226665d2-d3dd-4680-a7f8-35b239b54c9b,8fa45a17-a64e-4554-a8f9-33a2a0961b11
cdb060fb-a3d2-442b-b0c4-1ee26043220d,ca2543a0-4116-4e62-ab15-c2d040837e9f
cdb060fb-a3d2-442b-b0c4-1ee26043220d,ca2543a0-4116-4e62-ab15-c2d040837e9f
cdb060fb-a3d2-442b-b0c4-1ee26043220d,ca2543a0-4116-4e62-ab15-c2d040837e9f
60b56137-148c-49b6-9705-2fba4375f897,ca4c5607-dcb3-46ee-a838-057cedbd7965
60b56137-148c-49b6-9705-2fba4375f897,ca4c5607-dcb3-46ee-a838-057cedbd7965
60b56137-148c-49b6-9705-2fba4375f897,ca4c5607-dcb3-46ee-a838-057cedbd7965
60b56137-148c-49b6-9705-2fba4375f897,ca4c5607-dcb3-46ee-a838-057cedbd7965
60b56137-148c-49b6-9705-2fba4375f897,ca4c5607-dcb3-46ee-a838-057cedbd7965
60b56137-148c-49b6-9705-2fba4375f897,8374f600-a7f4-4d64-9281-53a0b6e0bad2
60b56137-148c-49b6-9705-2fba4375f897,8374f600-a7f4-4d64-9281-53a0b6e0bad2
60b56137-148c-49b6-9705-2fba4375f897,8374f600-a7f4-4d64-9281-53a0b6e0bad2
60b56137-148c-49b6-9705-2fba4375f897,09183664-d06f-47cf-98e9-a8d6f582660b
226665d2-d3dd-4680-a7f8-35b239b54c9b,5daaeec1-ddc2-4724-9eb7-2066c52fbeea
226665d2-d3dd-4680-a7f8-35b239b54c9b,5daaeec1-ddc2-4724-9eb7-2066c52fbeea
226665d2-d3dd-4680-a7f8-35b239b54c9b,5daaeec1-ddc2-4724-9eb7-2066c52fbeea
226665d2-d3dd-4680-a7f8-35b239b54c9b,d266722a-d7d9-4230-9ccb-7dadaa57e713
226665d2-d3dd-4680-a7f8-35b239b54c9b,d266722a-d7d9-4230-9ccb-7dadaa57e713
226665d2-d3dd-4680-a7f8-35b239b54c9b,d266722a-d7d9-4230-9ccb-7dadaa57e713
226665d2-d3dd-4680-a7f8-35b239b54c9b,f015ccdb-da8d-4ebf-a417-e8edb8888995
226665d2-d3dd-4680-a7f8-35b239b54c9b,f015ccdb-da8d-4ebf-a417-e8edb8888995
226665d2-d3dd-4680-a7f8-35b239b54c9b,f015ccdb-da8d-4ebf-a417-e8edb8888995
226665d2-d3dd-4680-a7f8-35b239b54c9b,f015ccdb-da8d-4ebf-a417-e8edb8888995
226665d2-d3dd-4680-a7f8-35b239b54c9b,f015ccdb-da8d-4ebf-a417-e8edb8888995
226665d2-d3dd-4680-a7f8-35b239b54c9b,f015ccdb-da8d-4ebf-a417-e8edb8888995
226665d2-d3dd-4680-a7f8-35b239b54c9b,f015ccdb-da8d-4ebf-a417-e8edb8888995
226665d2-d3dd-4680-a7f8-35b239b54c9b,9ff7e8d7-455d-4013-8785-57a67e0bc649
226665d2-d3dd-4680-a7f8-35b239b54c9b,9ff7e8d7-455d-4013-8785-57a67e0bc649
226665d2-d3dd-4680-a7f8-35b239b54c9b,9ff7e8d7-455d-4013-8785-57a67e0bc649
d4b9bba3-c773-4a0c-822a-fd670357e486,5653bc1c-f7ac-46c7-912d-459857eaab20
d4b9bba3-c773-4a0c-822a-fd670357e486,5653bc1c-f7ac-46c7-912d-459857eaab20
27c51ea1-0d61-4c9c-96ff-b7fedf18b2a3,bf641051-3b1b-4329-8490-fe854eb82c1a
e285b581-6451-454e-a73a-890625711477,bb08aa73-32f8-4ee7-a16f-369dc89f82c8
26a49800-a5fa-44d6-9921-8ec4aac54297,62bee667-b771-4fac-b2c8-d971e4cc5f1a
26a49800-a5fa-44d6-9921-8ec4aac54297,62bee667-b771-4fac-b2c8-d971e4cc5f1a
f3001037-ee54-470d-b650-eb2bc4e0196b,f7c4cdb2-f3d4-4f43-b13d-b3bafe3cd8c4
902656c4-bced-4789-bbc9-97d793c6c984,987dd996-3cdb-4e3b-b239-cca19fac87d7
902656c4-bced-4789-bbc9-97d793c6c984,151afb9d-d116-4399-9355-73f28d907942
